title,source_url_paper,type_publication,revisor,country_paper,open_access,year,instituto,volume,issue,language,doi,issn,authors,topics,resume,cited_by
Scientific publication speed and retractions of COVID-19 pandemic original articles,https://doi.org/10.26633/rpsp.2022.25,Artigo,pares,Estrangeiro,True,2022;,Pan American Health Organization,46,,Inglês,10.26633/rpsp.2022.25,1680-5348,"['Luisa Schönhaut B', 'Italo Costa-Roldan', 'Ilan Oppenheimer', 'Vicente Pizarro', 'Dareen Han', 'Franco Díaz']",The Spread of Misinformation Online,"To describe the editorial processing time of published COVID-19 research articles and compare this with a similar topic, human influenza, and analyze the number of publications, withdrawals, and retractions.A descriptive-analytical study using PubMed on research articles with the MeSH terms human influenza and COVID-19. Time to acceptance (from submission to acceptance) and time to publication (from acceptance to publication) were compared. Retractions and withdrawals were reviewed both qualitatively and quantitatively.There were 31 319 research articles on COVID-19 and 4 287 on human influenza published during 2020. The median time to acceptance for COVID-19 was lower than that for human influenza (8 vs. 92 days). The median time to publication for COVID-19 articles was shorter than those on human influenza (12 vs. 16 days); 47.0% of COVID-19 research articles were accepted within the first week of submission, and 19.5% within one day. There were 82 retractions and withdrawals for COVID-19 articles, 1 for human influenza, and 5 for articles that contain both terms; these were mainly related to ethical misconduct, and 27 (31.0%) were published by the same group of authors in one highest-quartile journal.The conundrum between fast publishing and adequate standards is shown in this analysis of COVID-19 research articles. The speed of acceptance for COVID-19 manuscripts was 11.5 times faster than for human influenza. The high number of acceptances within a day or week of submission and the number of retractions and withdrawals of COVID-19 papers might be a warning sign about the possible lack of a quality control process in scientific publishing and the peer review process.Describir el tiempo de procesamiento editorial de los artículos de investigación sobre la COVID-19 publicados, compararlo con un tema similar, la gripe humana, y analizar el número de publicaciones realizadas, el de artículos retirados y el de retractaciones.Usando PubMed, se llevó a cabo un estudio descriptivo y analítico sobre artículos de investigación con los términos en inglés correspondientes a “gripe humana” y “COVID-19” en el MeSH. Se compararon el tiempo de aceptación (desde la presentación hasta la aceptación) y el tiempo de publicación (desde la aceptación hasta la publicación). Se examinaron las publicaciones retiradas y las retractaciones de manera cualitativa y cuantitativa.Hubo 31 319 artículos de investigación sobre la COVID-19 y 4 287 sobre la gripe humana publicados en el año 2020. La mediana del tiempo de aceptación de los artículos sobre la COVID-19 fue inferior que la mediana de la gripe humana (8 días en contraste con 92 días). La mediana del tiempo de publicación de los artículos sobre la COVID-19 fue menor que la de los artículos sobre la gripe humana (12 días en contraste con 16 días). El 47,0 % de los artículos de investigación sobre la COVID-19 se aceptaron en la primera semana de presentación, y el 19,5 %, en un día. Hubo 82 retractaciones y retiradas de artículos sobre la COVID-19, una sobre la gripe humana y 5 de artículos que contenían ambos términos; estas retractaciones y retiradas estuvieron relacionadas principalmente con faltas de conducta ética. Además, hubo 27 artículos (31,0 %) publicados por el mismo grupo de autores en una revista de cuartil más alto.El dilema entre la publicación rápida y unas normas adecuadas se muestra en este análisis de artículos de investigación sobre la COVID-19. La velocidad de aceptación de los manuscritos sobre la COVID-19 fue 11,5 veces mayor que la velocidad de aceptación de los artículos sobre la gripe humana. El alto número de aceptaciones en un día o una semana desde la presentación y el número de retractaciones y retiradas de artículos sobre la COVID-19 podría ser un signo de advertencia acerca de la posible falta de un proceso de control de calidad en las publicaciones científicas y especialmente en el proceso de arbitraje.Descrever o tempo de processamento editorial dos artigos de pesquisa publicados sobre COVID-19, compará-lo com o de artigos sobre um tema semelhante (gripe humana) e analisar o número de publicações, suspensões e retratações.Estudo descritivo-analítico. Foi realizada uma busca no PubMed usando os descritores MeSH “human influenza” e “COVID-19”. O tempo até a aceitação (da submissão à aceitação) e o tempo até a publicação (da aceitação à publicação) foram comparados. Retratações e suspensões foram analisadas qualitativa e quantitativamente.Foram publicados 31 319 artigos de pesquisa sobre a COVID-19 e 4 287 sobre a gripe humana em 2020. O tempo médio de aceitação de artigos sobre COVID-19 foi menor que o de artigos sobre gripe humana (8 versus 92 dias). O tempo médio até publicação dos artigos sobre COVID-19 foi menor que o de artigos sobre gripe humana (12 versus 16 dias); 47,0% dos artigos sobre COVID-19 foram aceitos na primeira semana após a submissão, e 19,5%, dentro de um dia. Houve 82 retratações e suspensões de artigos sobre COVID-19, 1 sobre gripe humana, e 5 de artigos que continham ambos os termos, principalmente relacionadas a má conduta ética; 27 (31,0%) desses artigos foram publicados pelo mesmo grupo de autores, em uma revista do mais alto quartil.O dilema entre publicar rapidamente e manter padrões adequados fica claro nesta análise de artigos sobre COVID-19. Manuscritos sobre COVID-19 foram aceitos 11,5 vezes mais rapidamente do que artigos sobre gripe humana. O alto número de aceitações em um dia ou semana após a submissão e o número de retratações e suspensões de artigos sobre COVID-19 alertam sobre uma possível falta de controle de qualidade na publicação científica e no processo de revisão por pares.",[]
O resgate da cultura dos partos domiciliares: uma revisão integrativa de literatura,https://doi.org/10.33448/rsd-v9i4.2792,Artigo,pares,Brasil,True,2020;,Grupo de Pesquisa Metodologias em Ensino e Aprendizagem em Ciências,9,4,Português,10.33448/rsd-v9i4.2792,2525-3409,"['Maiza Leal Medeiros', 'Tamyles Morais dos Santos', 'Maguida Patrícia Lacerda Cordeiro Oliveira', 'Antônio Werbert Silva da Costa', 'Eimar Neri de Oliveira', 'Maria Albertina Ribeiro Silva', 'Rosivalda Ferreira de Oliveira']",Healthcare Disparities in Men's Reproductive Health,"O estudo objetiva analisar as evidências científicas sobre o parto domiciliar e como vem se desenvolvendo o trabalho dos enfermeiros em seu cotidiano. Trata-se de uma revisão integrativa da literatura por meio de pesquisa na Biblioteca Virtual de Saúde (BVS) com descritores pré-selecionados, obtendo-se estudos indexados nas bases de dados LILACS, MEDLINE E BDENF, no período de 1998 até o primeiro semestre de 2017. Foram encontrados 12 artigos, divididos por similaridade e utilizados como base para a criação de 3 categorias para discussão: I Restituição Histórica e Cultural do Parto Domiciliar: transição ao parto institucionalizado, com 3 artigos; II Atuação de Enfermeiras Obstetras no Parto Domiciliar, com 5 artigos; e III A escolha pelo parto domiciliar e o papel do enfermeiro no fortalecimento da mesma, com 4 artigos. A leitura detalhada dos artigos nos permitiu observar que o parto domiciliar vem sendo abordado como um canal de vínculo de confiança da mulher consigo mesma e com o profissional, uma vez que ambos tornam-se responsáveis pela tomada de decisões a respeito do planejamento dos seus cuidados, de forma que a mulher participe ativamente e seja protagonista do seu parto.O estudo objetiva analisar as evidências científicas sobre o parto domiciliar e como vem se desenvolvendo o trabalho dos enfermeiros em seu cotidiano. Trata-se de uma revisão integrativa da literatura por meio de pesquisa na Biblioteca Virtual de Saúde (BVS) com descritores pré-selecionados, obtendo-se estudos indexados nas bases de dados LILACS, MEDLINE E BDENF, no período de 1998 até o primeiro semestre de 2017. Foram encontrados 12 artigos, divididos por similaridade e utilizados como base para a criação de 3 categorias para discussão: I Restituição Histórica e Cultural do Parto Domiciliar: transição ao parto institucionalizado, com 3 artigos; II Atuação de Enfermeiras Obstetras no Parto Domiciliar, com 5 artigos; e III A escolha pelo parto domiciliar e o papel do enfermeiro no fortalecimento da mesma, com 4 artigos. A leitura detalhada dos artigos nos permitiu observar que o parto domiciliar vem sendo abordado como um canal de vínculo de confiança da mulher consigo mesma e com o profissional, uma vez que ambos tornam-se responsáveis pela tomada de decisões a respeito do planejamento dos seus cuidados, de forma que a mulher participe ativamente e seja protagonista do seu parto.",[]
"Associação entre perfusão periférica, microcirculação e mortalidade em sepse: uma revisão sistemática",https://doi.org/10.1016/j.bjan.2019.09.007,Revisão,pares,Brasil,True,2019;,Elsevier BV,69,6,Português,10.1016/j.bjan.2019.09.007,1806-907X,"['Danillo Menezes dos Santos', 'Jullyana de Souza Siqueira Quintans', 'Lucindo José Quintans‐Júnior', 'Valter Joviniano Santana‐Filho', 'Cristiane Martins Cunha', 'Igor Alexandre Côrtes de Menezes', 'Márcio Roberto Viana dos Santos']",Management and Outcomes of Acute Kidney Injury,"Embora evidências crescentes apoiem a monitoração da perfusão periférica em pacientes sépticos, nenhuma revisão sistemática foi feita para explorar a força da associação entre a má perfusão avaliada na microcirculação dos tecidos periféricos e a mortalidade. Uma busca nas bases de dados mais importantes foi feita para encontrar artigos publicados até fevereiro de 2018 que correspondessem aos critérios deste estudo, com diferentes palavras‐chave: sepse, mortalidade, prognóstico, microcirculação e perfusão periférica. Os critérios de inclusão foram estudos que avaliaram a associação entre perfusão/microcirculação periférica e mortalidade em sepse. Os critérios de exclusão adotados foram os seguintes: artigos de revisão, estudos com animais/pré‐clínicos, metanálises, resumos, anais de congressos, editoriais, cartas, relatos de casos, artigos duplicados e artigos que não continham resumos e/ou texto. Foram selecionados 26 artigos nos quais 2465 pacientes com sepse foram avaliados com pelo menos um método reconhecido para monitorar a perfusão periférica. A revisão demonstrou um grupo heterogêneo de pacientes gravemente enfermos com uma taxa de mortalidade entre 3% e 71% (mediana = 37% [28%‐43%]). Os métodos de avaliação mais comumente usados foram a espectroscopia na região do infravermelho próximo (Near‐Infrared Spectroscopy – NIRS) (7 artigos) e a análise de imagens em campo escuro (Sidestream Dark‐Field – SDF) (5 artigos). O leito vascular mais avaliado foi a microcirculação sublingual/bucal (8 artigos), seguida pela ponta do dedo (4 artigos). A maioria dos estudos (23 artigos) demonstrou uma clara relação entre má perfusão periférica e mortalidade. Em conclusão, o diagnóstico de hipoperfusão/anormalidades microcirculatórias em órgãos não vitais periféricos foi associado ao aumento da mortalidade. No entanto, estudos adicionais devem ser feitos para verificar se essa associação pode ser considerada um marcador da gravidade ou um fator desencadeante da falência de órgãos na sepse. Although increasing evidence supports the monitoring of peripheral perfusion in septic patients, no systematic review has been undertaken to explore the strength of association between poor perfusion assessed in microcirculation of peripheral tissues and mortality. A search of the most important databases was carried out to find articles published until February 2018 that met the criteria of this study using different keywords: sepsis, mortality, prognosis, microcirculation and peripheral perfusion. The inclusion criteria were studies that assessed association between peripheral perfusion/microcirculation and mortality in sepsis. The exclusion criteria adopted were: review articles, animal/pre‐clinical studies, meta‐analyzes, abstracts, annals of congress, editorials, letters, case‐reports, duplicate and articles that did not present abstracts and/or had no text. In the 26 articles were chosen in which 2465 patients with sepsis were evaluated using at least one recognized method for monitoring peripheral perfusion. The review demonstrated a heterogeneous critically ill group with a mortality‐rate between 3% and 71% (median = 37% [28%–43%]). The most commonly used methods for measurement were Near‐Infrared Spectroscopy (NIRS) (7 articles) and Sidestream Dark‐Field (SDF) imaging (5 articles). The vascular bed most studied was the sublingual/buccal microcirculation (8 articles), followed by fingertip (4 articles). The majority of the studies (23 articles) demonstrated a clear relationship between poor peripheral perfusion and mortality. In conclusion, the diagnosis of hypoperfusion/microcirculatory abnormalities in peripheral non‐vital organs was associated with increased mortality. However, additional studies must be undertaken to verify if this association can be considered a marker of the gravity or a trigger factor for organ failure in sepsis.",[]
Produção científica brasileira em marketing no período 2000-2009,https://doi.org/10.1590/s0034-75902013000100007,Artigo,pares,Brasil,True,2013;,FUNDAÇÃO GETÚLIO VARGAS,53,1,Português,10.1590/s0034-75902013000100007,2178-938X,"['José Afonso Mazzon', 'José Mauro da Costa Hernandez']",Consumer Behavior in Brand Consumption and Identification,"O estudo analisa a produção científica brasileira em anais de congressos. Comportamento do Consumidor Marketing entre 2000 e 2009 publicada nos periódicos continua a ser o tema que mais atrai artigos (29%). O BAR, RAC, RAE, RAM, RAUSP e REAd e nos anais dos número médio de autores por artigo aumentou de 1,7 EnANPADs e EMAs. Em relação aos resultados da dé-para 2,3, e a concentração de artigos produzidos pelas cada passada (VIEIRA, 2003), verificou-se um aumento cinco instituições mais produtivas diminuiu de 62,5% para expressivo, de 368%, no número de artigos publicados. 49,6%. O número médio de citações por artigo aumen-A participação de artigos publicados em anais de con-tou de 21,6 para 37,4, mas o número médio de citações gressos (81,1%) continua muito superior à participação de periódicos nacionais aumentou apenas de 2,0 para de artigos publicados em periódicos (18,9%). Cerca de 2,5. O artigo conclui apontando alguns caminhos para a 65% dos autores publicaram apenas um único artigo em evolução da produção científica na área de Marketing.",[]
Avaliação de Desempenho em Redes de Pequenas e Médias Empresas: Estado da arte para as delimitações postas pelo pesquisador,https://doi.org/10.19177/reen.v4e22011202-222,Artigo,pares,Brasil,True,2011;,UNIVERSIDADE DO SUL DE SANTA CATARINA,4,2,Português,10.19177/reen.v4e22011202-222,1984-3372,"['Sandro César Bortoluzzi', 'Sandra Rolim Ensslin', 'Leonardo Ensslin', 'Sandra Mara Iesbik Valmorbida']",Research Methods and Organizational Management,"A pesquisa objetiva construir, no pesquisador, o conhecimento necessário para orientá-lo onde buscar as oportunidades (lacunas) para pesquisar em seu tema de interesse – aqui ilustrado no tema Redes de Pequenas e Médias Empresas. O trabalho caracteriza-se como exploratório-descritivo com abordagem qualitativa e quantitativa. A análise das características das publicações (41 artigos do portfólio bibliográfico selecionado, 862 artigos referenciados nesse portfólio e o conjunto de artigos resultante do cruzamento entre os dois bancos de artigos) evidenciou os seguintes resultados: (i) European Planning Studies é um dos periódicos de maior destaque; (ii) o artigo intitulado “Does cooperation enhance competitiveness? Assessing the impacts of inter-firm collaboration” publicado em 1996 de autoria de Stuart A. Rosenfeld é o artigo do portfólio bibliográfico de maior reconhecimento e o artigo intitulado ""Small Firms, Social Capital and the Enhancement of Business Performance Through Innovation Programmes."" escrito por Philip Cooke e David Wills em 1999, publicado no periódico Small Business Economics é o artigo de maior destaque realizado por autor de destaque no conjunto de artigos (portfólio e referências); (iii) Luiz Cesar Ribeiro Carpinetti é o autor mais prolífico do portfólio bibliográfico e Hubert Schmitz é o autor mais prolífico das referências do portfólio.",[]
Índice-H dos artigos citantes: uma contribuição para a avaliação da produção científica de pesquisadores experientes,https://doi.org/10.1590/s1517-86922011000500013,Artigo,pares,Brasil,True,2011;,Sociedade Brasileira de Medicina do Esporte,17,5,Português,10.1590/s1517-86922011000500013,1806-9940,"['Cláudio Gil Soares de Araújo', 'Aline Sardinha']",Public Policy Analysis and Higher Education in Brazil,"INTRODUÇÃO: Há um crescente interesse e necessidade em avaliar a qualidade da produção científica dos pesquisadores. Para tal, as métricas mais importantes são: número de citações, número médio de citações por artigo indexado e o índice-H. Contudo, essas métricas apresentam limitações na avaliação do potencial de impacto das publicações de um pesquisador, especialmente dentre aqueles mais produtivos. OBJETIVO: Propor e demonstrar a utilização de uma nova métrica científica - índice-H dos artigos citantes, que permite refinar a discriminação do impacto das publicações de pesquisadores experientes sobre o conhecimento existente em sua área. MÉTODOS: Foram analisados dados da Web of Science de 13 dentre os pesquisadores doutores brasileiros mais produtivos na área de exercício físico e esporte, incluindo: número de artigos publicados, número de citações, número médio de citações por artigos, índice-H e o índice-H dos artigos citantes, ou seja, o índice-H obtido a partir da ordenação decrescente dos artigos que citaram artigos publicados pelo pesquisador. Dados de quatro outros pesquisadores - brasileiros e estrangeiros - foram usados como marcos de referência para comparações. RESULTADOS: Os índice-H do pesquisador e o dos artigos citantes são associados (r = 0,92; p > 0,01), porém, quando são analisados os seis pesquisadores mais produtivos, com índices-H acima de 7, a associação entre os dois índices-H desaparece (r = 0,35; p = 0,49). CONCLUSÃO: O índice-H dos artigos citantes pode contribuir para diferenciar a produção científica de pesquisadores com um grande número de artigos publicados. Sugere-se a adoção de sua mensuração pelas agências brasileiras e estrangeiras de fomento e de avaliação da produção científica.",[]
Artigos de periódicos científicos das áreas de informação no Brasil: evolução da produção e da autoria múltipla,https://doi.org/10.1590/s1413-99362008000200002,Artigo,pares,Estrangeiro,True,2008;,"Universidade Federal de Minas Gerais, Escola de Ciência da Informação",13,2,Português,10.1590/s1413-99362008000200002,1981-5344,"['Jayme Leiro Vilan Filho', 'Held Barbosa de Souza', 'Suzana Pinheiro Machado Mueller']",Bibliometric Analysis and Research Evaluation,"Descreve a evolução da produção de 20 títulos de periódicos científicos brasileiros das áreas de Arquivologia, Biblioteconomia, Ciência da Informação e Documentação (1972-2006). Utiliza como fonte os registros de 3.706 artigos de periódicos científicos. Apresenta tabelas e gráficos com séries históricas de dados absolutos e percentuais relacionados com: número de artigos publicados, número de artigos em autoria múltipla (co-autoria), número de títulos de periódicos e número médio de artigos por periódico. Conclui que: a média anual de produção brasileira foi de 175 artigos (2000-2006); a produtividade média anual foi de 16 artigos/ano/periódico (2000-2006); o percentual de artigos em co-autoria em 2006 (49,16%) está próximo do percentual de artigos em autoria única (50,84%); e 85% da co-autoria é de artigos com dois ou três autores (1972-2006). Conclui levantando algumas questões sobre possíveis causas desses resultados.",[]
Perfil da pesquisa em finanças no Brasil,https://doi.org/10.1590/s0034-75902003000100010,Artigo,pares,Brasil,True,2003;,FUNDAÇÃO GETÚLIO VARGAS,43,1,Português,10.1590/s0034-75902003000100010,2178-938X,"['Ricardo Pereira Câmara Leal', 'Jefferson Dantas Oliveira', 'Aline Feldman Soluri']",Distance Education in Research and Legislation,"Este trabalho analisa uma amostra de 551 artigos da área de finanças publicados entre 1974 e 2001 na Revista de Administração Contemporânea (RAC), Revista de Administração de Empresas (RAE) , Revista de Administração da Universidade de São Paulo (RAUSP), Revista Brasileira de Economia (RBE) e Revista Brasileira de Mercado de Capitais (RBMEC), além dos 264 artigos incluídos dos Anais do Enanpad. O levantamento mostra que a maioria dos artigos apresenta somente um autor. A produtividade dos autores nacionais está mais concentrada em poucos indivíduos e é mais baixa do que o sugerido pela teoria bibliométrica. Mais de 70% dos autores publicou apenas um artigo. Os artigos dos autores que publicaram pelo menos 4 trabalhos têm idade média maior do que a de artigos de autores igualmente prolíficos nos Anais do Enanpad. A maioria dos artigos são de autores afiliados à UFRJ, PUC/RJ e USP. Os autores do antigo Ibmec¹ aparecem em número expressivo, mas seus artigos estão concentrados na RBMEC, nas décadas de 70 e 80. Os autores da UFRGS, UFRJ e PUC/RJ respondem por dois terços da produção dos autores com pelo menos 4 artigos publicados nos Anais. O Rio de Janeiro aparece como o estado com mais autores prolíficos e não há autores nestas condições em outras regiões que não a Sul e a Sudeste.",[]
"Trinta anos de dengue no Ceará: história, contribuições para ciência e desafios no cenário atual com tripla circulação de arbovírus",https://doi.org/10.12662/2317-3076jhbs.v6i1.1415.p65-82.2018,Artigo,,Brasil,True,2017;,CENTRO UNIVERSITÁRIO CHRISTUS,6,1,Português,10.12662/2317-3076jhbs.v6i1.1415.p65-82.2018,2317-3084,"['Luciano Pamplona de Góes Cavalcanti', 'Francisca Kalline de Almeida Barreto', 'Rhaquel de Morais Alves Barbosa Oliveira', 'Ilana Frota Pontes Canuto', 'Antônio Afonso Bezerra Lima', 'José Wellington Oliveira Lima', 'Kiliana Nogueira Farias da Escóssia', 'Víctor Emanuel Pessoa Martins', 'Carlos Henrique Alencar', 'Anne Caroline Bezerra Perdigão', 'Daniele Malta Lima', 'Izabel Letícia Cavalcante Ramalho', 'Fernanda Montenegro de Carvalho Araújo']",Global Impact of Arboviral Diseases,"Introdução: Embora os primeiros casos de dengue no estado do Ceará tenham ocorrido em 1986, há registros da presença do mosquito Aedes aegypti desde os anos de 1851/1852. Mesmo após 30 anos, a dengue permanece como um problema grave de saúde pública com epidemias cada vez mais frequentes. Objetivo: Resgatar, reunir e sintetizar a evidência científica produzida nos primeiros 30 anos de dengue no Ceará, contribuindo para melhorar sua compreensão e as intervenções de vigilância e controle. Métodos: Realizou-se uma revisão de literatura com busca de artigos (inglês, português e espanhol) nas bases de dados Pubmed, Scielo, Clinicalkey, Lilacs, Google Acadêmico e banco virtual de teses e dissertações da CAPES, além de livros. O período de 1986 a 2016 foi usado como limite de busca e a mesma foi realizada entre os meses de agosto a novembro de 2016. Utilizaram-se os descritores controlados: dengue, Ceará, Fortaleza e Aedes; com interposição do operador boleano “AND”. Resultados: Foram identificadas 574 publicações potencialmente elegíveis, sendo 461 artigos e 113 dissertações ou teses. Foram retirados 272 artigos duplicados ou que não atenderam aos critérios de inclusão. Foram lidos 114 artigos publicados em 60 revistas diferentes, sendo 72,8% artigos completos, 75,2% em inglês, 42,2% experimentais e 81,5% com abordagem quantitativa. Foi publicado apenas um artigo na década de 1980, já na década seguinte foram sete, número que cresceu bastante nos anos 2000, com 38 artigos. No entanto, já há 69 artigos publicados apenas na primeira metade da década de 2010. No período, o Ceará confirmou quase um milhão de casos de dengue, com a circulação dos quatro sorotipos (DENV1 - 1986, DENV2 - 1994, DENV3 - 2002 e DENV4 - 2011) e registrou pelo menos 14 epidemias. A partir de 2015, o Ceará passou a apresentar um cenário diferenciado de tripla epidemia, com a cocirculação autóctone de dois outros arbovírus: Chikungunya e Zika. Conclusão: Nesse período de 30 anos (1986-2016), o Ceará vivenciou várias epidemias de dengue, e, de certa forma, isto vem impulsionando a busca por respostas para o controle desta doença. Há claramente um crescimento em número de artigos publicados a cada ano, revelando a pujança dos grupos locais, que contribuiu de forma importante para a produção científica em diversos fatores relacionados à compreensão da epidemiologia e controle da dengue.",[]
Water and fluid intake in the prevention and treatment of functional constipation in children and adolescents: is there evidence?,https://doi.org/10.1016/j.jpedp.2017.01.004,Artigo,pares,Brasil,True,2017;,Elsevier BV,93,4,Inglês,10.1016/j.jpedp.2017.01.004,2255-5536,"['Sabine Nunes Boilesen', 'Soraia Tahan', 'Francine Canovas Dias', 'Lígia Cristina Fonseca Lahoz Melli', 'Mauro Batista de Morais']",Etiology and Management of Peritoneal Adhesions,"To study the evidence on the role of water and fluid intake in the prevention and treatment of functional intestinal constipation in children and adolescents. A search was carried out in the Medline database (between 1966 and 2016) for all published articles containing the following words: constipation, water, and fluids, published in Portuguese, English, and Spanish. All original articles that assessed children and adolescents were selected by title and abstract. The references of these articles were also evaluated. A total of 1040 articles were retrieved. Of these, 24 were selected for reading. The study included 11 articles that assessed children and adolescents. The articles were divided into two categories, those that evaluated water and fluid intake as a risk factor for intestinal constipation and those that evaluated their role in the treatment of intestinal constipation. Five articles were included in the first category. The criteria for assessing fluid intake and bowel rhythm were different in each study. Three studies demonstrated an association between low fluid intake and intestinal constipation. Regarding treatment, five articles with heterogeneous methodologies were found. None of them clearly identified the favorable role of fluid intake in the treatment of intestinal constipation. There are few articles on the association between fluid intake and intestinal constipation. Epidemiological evidence indicates an association between lower fluid intake and intestinal constipation. Further clinical trials and epidemiological studies that consider the international recommendations for fluid intake by children and adolescents are required. Estudar as evidências sobre o papel do consumo de água e líquidos na prevenção e no tratamento da constipação intestinal funcional em crianças e adolescentes. Foram pesquisados na base de dados do Medline (entre 1966 e 2016) todos os artigos publicados com as seguintes palavras: constipação, água e líquidos, nos idiomas português, inglês e espanhol. Foram selecionados, pelo título e resumo, todos os artigos originais com crianças e adolescentes. As referências desses artigos também foram avaliadas. Foram encontrados 1.040 artigos. Desses, 24 foram selecionados para leitura. Foram incluídos 11 artigos que estudaram crianças e adolescentes. Os artigos foram distribuídos em duas categorias, os que avaliaram o consumo de água e líquidos como fator de risco para constipação intestinal e os que avaliaram o seu papel na terapêutica da constipação intestinal. Cinco artigos se enquadraram na primeira categoria. Os critérios para avaliar consumo de líquidos e ritmo intestinal foram diferentes em cada estudo. Três estudos demonstraram relação entre baixo consumo de líquidos e constipação intestinal. Quanto ao tratamento, foram encontrados cinco artigos com metodologias heterogêneas. Em nenhum deles foi possível identificar com clareza o papel favorável do consumo de líquidos no tratamento da constipação intestinal. Existem poucos artigos sobre a relação entre consumo de líquidos e constipação intestinal. Evidências epidemiológicas indicam associação entre menor consumo de líquidos com constipação intestinal. São necessários outros ensaios clínicos e estudos epidemiológicos que levem em consideração as recomendações internacionais para consumo de líquidos por crianças e adolescentes.",[]
Seleção e análise de um portfólio de artigos sobre avaliação de desempenho na cadeia de suprimentos,https://doi.org/10.15675/gepros.v0i1.585,Artigo,,Brasil,True,2014;,UNIVERSIDADE EST.PAULISTA JÚLIO DE MESQUITA FILHO,,1,Português,10.15675/gepros.v0i1.585,1984-2430,"['Emílio Della Bruna', 'Leonardo Ensslin', 'Sandra Rolim Ensslin']",Development and Impact of Smart Libraries,"O artigo propõe um processo para a seleção e análise de um portfólio de artigos científicos sobre a Avaliação de Desempenho na Cadeia de Suprimentos. A metodologia empregada para tal compreende a busca e seleção de trabalhos em bases de dados científicas, a Análise Bibliométrica e a Revisão Sistêmica do Portfólio Bibliográfico. Ao longo do artigo, constata-se que a Gestão da Cadeia de Suprimentos apresenta conceitos bem fundamentados, tanto no âmbito acadêmico como empresarial. Enquanto isso, o tema da Avaliação de Desempenho é mais recente e seus conceitos ainda estão em fase de consolidação. Como resultado final do trabalho, obtém-se um Portfólio Bibliográfico formado por 18 artigos alinhados ao tema de pesquisa e com reconhecimento científico. Por meio da Análise Bibliométrica, esses artigos e suas referências são evidenciados e ordenados de acordo com a relevância científica, dos artigos, autores, periódicos e palavras chave. A Revisão Sistêmica analisa o conteúdo dos artigos do Portfólio Bibliográfico a partir de uma visão particular de Avaliação de Desempenho proposta pelos autores. A visão é explicada por seis lentes ou dimensões e com este olhar os artigos são avaliados. Esta avaliação permitiu, para a visão adotada, evidenciar os potenciais e as lacunas de conhecimento nos trabalhos analisados e, a partir desses, elaborar uma pergunta e objetivo de pesquisa. Essas últimas direcionarão a continuidade do presente estudo em busca do aprimoramento das lacunas identificadas. Por fim, espera-se que o processo proposto seja útil para pesquisadores que tenham interesse em aplicá-lo ao seu assunto de pesquisa. Palavras-chave: Gestão da Cadeia de Suprimentos; Gestão de Operações; Avaliação de Desempenho; Bibliometria; Revisão Sistêmica; Construtivismo.",[]
"Comparativo entre as bases de dados PubMed, SciELO e Google Acadêmico com o foco na temática Educação Médica",https://doi.org/10.47385/cadunifoa.v10.n28.301,Artigo,,Brasil,True,2015;,,10,28,Português,10.47385/cadunifoa.v10.n28.301,1982-1816,"['Lucas Rebelo Silva Puccini', 'Mara Gonçalves Pinto Giffoni', 'Leoni Ferreira da Silva', 'Cláudia Yamada Utagawa']",Challenges and Opportunities in Translational Research,"Introdução: A comunidade biomédica latino-americana tem o PubMed e o SciELO como as melhores bases de dados para pesquisa de artigos científicos, entretanto, outras áreas de conhecimento, têm utilizado outras fontes de busca, sendo o principal o Google Acadêmico (GA). Objetivos: Verificar se o GA pode ser uma ferramenta de busca útil no resgate de artigos científicos referenciados na temática em educação médica, comparados ao PubMed e ao Scielo. Metodologia: Trata-se de um estudo descritivo e documental com análise qualiquantitativa sobre os artigos científicos publicados no GA, PubMed e SciELO. Em cada sítio de busca foram utilizadas as seguintes palavras-chave em inglês para a recuperação de dados: “medical curriculum” and “ethics”. Resultados: Após a aplicação da técnica de mineração de dados nas plataformas de busca, foram obtidos 434 artigos científicos no GA, sendo 88 artigos disponíveis no site dos periódicos, 201 no site das bases de dados, 143 em outros sites e apenas dois em blogs. No PubMed foram obtidos 10 artigos científicos, sendo 8 disponíveis no site da base de dados e dois em sites de periódicos. Por fim, no SciELO foi encontrado apenas um artigo, o qual estava disponível em sua própria base de dados. Qualitativamente, foram encontrados 382 artigos científicos pertinentes no GA, no PubMed e SciELO. Conclusão: O GA mostrou ser mais eficiente, tanto qualitativamente quanto quantitativamente, em resgatar artigos científicos no tema escolhido em Educação Médica.",[]
Uma década de biologia da conservação no Brasil,https://doi.org/10.4257/oeco.2009.1303.02,Artigo,,Brasil,True,2009;,,13,03,Português,10.4257/oeco.2009.1303.02,1981-9366,"['Carlos Eduardo Viveiros Grelle', 'Míriam Plaza Pinto', 'Juliana Cristina dos Santos Monteiro', 'Marcos de Souza Lima Figueiredo']",Human Attitudes and Interactions with Animals and Plants,"Normal 0 21 false false false PT-BR X-NONE X-NONE MicrosoftInternetExplorer4 Biologia da Conservação é uma área do conhecimento multidisciplinar e com vários periódicos especializados. Neste estudo foi feito um levantamento de todos os artigos, em oito diferentes periódicos, sobre Biologia da Conservação realizados no Brasil. Neste levantamento, tendo como base todos os artigos publicados no período de 10 anos (entre 1998 e 2007), buscou-se descrever a quantidade de artigos por periódico, o país de vínculo institucional dos autores, os grupos taxonômicos enfocados, os biomas mais estudados e quais os assuntos abordados. Ao todo foram encontrados 386 artigos, sendo que 71% foram publicados em três periódicos ( Conservation Biology, Biological Conservation e Biodiversity and Conservation ). Ficou claro ainda um acentuado aumento da produção de artigos nos últimos cinco anos, com um viés para estudos com enfoque biológico e poucos com abordagem para sócio-economia e política. Em relação ao vínculo institucional, 268 dos 386 artigos tinham algum autor com filiação em instituições brasileiras. Entre os grupos estudados, as plantas (com 105 artigos), os mamíferos (com 100 artigos) e aves (com 74 artigos) foram os mais abordados no período investigado, e os assuntos mais enfocados foram, respectivamente: ""fragmentação"", ""biodiversidade"" e ""ecologia"". Entre os biomas, um maior número de estudos foi feito na Mata Atlântica e Amazônia.",[]
Water and fluid intake in the prevention and treatment of functional constipation in children and adolescents: is there evidence?,https://doi.org/10.1016/j.jped.2017.01.005,Revisão,pares,Brasil,True,2017;,Elsevier BV,93,4,Português,10.1016/j.jped.2017.01.005,1678-4782,"['Sabine Nunes Boilesen', 'Soraia Tahan', 'Francine Canovas Dias', 'Lígia Cristina Fonseca Lahoz Melli', 'Mauro Batista de Morais']",Etiology and Management of Peritoneal Adhesions,"To study the evidence on the role of water and fluid intake in the prevention and treatment of functional intestinal constipation in children and adolescents. A search was carried out in the Medline database (between 1966 and 2016) for all published articles containing the following words: constipation, water, and fluids, published in Portuguese, English, and Spanish. All original articles that assessed children and adolescents were selected by title and abstract. The references of these articles were also evaluated. A total of 1040 articles were retrieved. Of these, 24 were selected for reading. The study included 11 articles that assessed children and adolescents. The articles were divided into two categories, those that evaluated water and fluid intake as a risk factor for intestinal constipation and those that evaluated their role in the treatment of intestinal constipation. Five articles were included in the first category. The criteria for assessing fluid intake and bowel rhythm were different in each study. Three studies demonstrated an association between low fluid intake and intestinal constipation. Regarding treatment, five articles with heterogeneous methodologies were found. None of them clearly identified the favorable role of fluid intake in the treatment of intestinal constipation. There are few articles on the association between fluid intake and intestinal constipation. Epidemiological evidence indicates an association between lower fluid intake and intestinal constipation. Further clinical trials and epidemiological studies that consider the international recommendations for fluid intake by children and adolescents are required. Estudar as evidências sobre o papel do consumo de água e líquidos na prevenção e no tratamento da constipação intestinal funcional em crianças e adolescentes. Foi pesquisado na base de dados do Medline (entre 1966 e 2016) todos os artigos publicados com as seguintes palavras: constipação, água e líquidos, nos idiomas português, inglês e espanhol. Foram selecionados, pelo título e resumo, todos os artigos originais com crianças e adolescentes. As referências desses artigos também foram avaliadas. Foram encontrados 1040 artigos. Desses, 24 foram selecionados para leitura. Foram incluídos 11 artigos que estudaram crianças e adolescentes. Os artigos foram distribuídos em duas categorias, os que avaliaram o consumo de água e líquidos como fator de risco para constipação intestinal e os que avaliaram o seu papel na terapêutica da constipação intestinal. Cinco artigos se enquadraram na primeira categoria. Os critérios para avaliar consumo de líquidos e ritmo intestinal foram diferentes em cada estudo. Três estudos demonstraram relação entre baixo consumo de líquidos e constipação intestinal. Quanto ao tratamento, foram encontrados cinco artigos com metodologias heterogêneas. Em nenhum deles foi possível identificar com clareza o papel favorável do consumo de líquidos no tratamento da constipação intestinal. Existem poucos artigos sobre a relação entre consumo de líquidos e constipação intestinal. Evidências epidemiológicas indicam associação entre menor consumo de líquidos com constipação intestinal. São necessários outros ensaios clínicos e estudos epidemiológicos que levem em consideração as recomendações internacionais para consumo de líquidos por crianças e adolescentes.",[]
"O que se publica sobre comportamento do consumidor no Brasil, afinal?",https://doi.org/10.5902/19834659608,Artigo,,Brasil,True,2009;,UNIVERSIDADE FEDERAL DE SANTA MARIA,1,3,Português,10.5902/19834659608,1983-4659,"['Marcelo de Rezende Pinto', 'José Édson Lara']",Research Methods and Organizational Management,"Este artigo tem o objetivo de fazer uma análise dos artigos publicados sobre o tema comportamento do consumidor, utilizando os principais veículos de divulgação da produção acadêmica em marketing no Brasil de 1997 a 2006. Baseado no guia proposto por Hoppen, Moreau e Lapointe (1997), analisaram-se 238 artigos, por meio da verificação da utilização de elementos básicos de uma investigação, concentrando-se nas estratégias e metodologias de pesquisa. Após as análises referentes aos tipos de artigo, abordagem, natureza da pesquisa, metodologias e segmento de consumidores pesquisados, o estudo foi conduzido dividindo-se os artigos em três categorias: artigos do tipo survey, artigos do tipo experimental e aqueles baseados em pesquisas qualitativas. Pode-se afirmar que os principais resultados do trabalho foram: a constatação da predominância de trabalhos com base empírica, de abordagem positivista e da utilização de métodos e técnicas quantitativistas tradicionais de pesquisa e coleta de dados. Ressalta-se também pouca preocupação dos pesquisadores com alguns aspectos relevantes da qualidade metodológica. O artigo apresenta, ainda, reflexões sobre novas metodologias que poderiam ser utilizadas para se pesquisar o consumidor e pontos que contribuiriam para a consolidação da temática no Brasil.",[]
Administração pública e gestão social: a produção científica brasileira entre 2000 e 2005,https://doi.org/10.1590/s0034-76122008000400002,Artigo,pares,Brasil,True,2008;,FUNDAÇÃO GETÚLIO VARGAS,42,4,Português,10.1590/s0034-76122008000400002,1982-3134,"['Antônio João Hocayen-da-Silva', 'Luciano Rossoni', 'Israel Ferreira Júnior']",Social Welfare and Political Economy in Brazil,"Nos últimos anos, observa-se grande esforço dos pesquisadores em fazer um balanço crítico das publicações científicas em diversas disciplinas. Porém, algumas áreas foram pouco contempladas, como a administração pública e gestão social. Buscando preencher essa lacuna, este artigo apresenta um quadro geral da produção científica em administração pública e gestão social com base nos dados levantados em 549 artigos publicados nos anais do Enanpad, entre os anos de 2000 e 2005. As variáveis analisadas em cada artigo foram: número de autores por artigo; instituição e estado de origem dos autores; proporção de trabalhos teóricos e empíricos; e método e estratégia de pesquisa. Verificou-se que a média de autores por artigo vem crescendo. A maioria enquadrou-se como teórico-empírico (76,1%). Dos artigos teórico-empíricos, aproximadamente 67% utilizaram o método qualitativo, com predomínio do estudo de caso (55,7%) como estratégia de pesquisa; porém o uso do método quantitativo vem aumentando. Entre as instituições de origem dos autores, cinco se destacaram como as mais prolíficas, respondendo por aproximadamente 50% dos artigos publicados no período; e cerca de 56% dos artigos concentraram-se em três estados do país.",[]
Complicações da cirurgia videolaparoscópica no tratamento de doenças da vesícula e vias biliares,https://doi.org/10.1590/s0102-67202008000400001,Artigo,pares,Brasil,True,2008;,Colégio Brasileiro de Cirurgia Digestiva,21,4,Português,10.1590/s0102-67202008000400001,2317-6326,"['Marcelo Talasso Salim', 'Raul Cutait']",Complications of Gallstone Disease,"RACIONAL: O tratamento de escolha para as doenças da vesícula biliar é a colecistectomia, cujo objetivo é o alívio de sintomas e o tratamento e/ou prevenção das complicações. OBJETIVO: Identificar as principais complicações da cirurgia videolaparoscópica no tratamento das doenças da vesícula biliar e vias biliares. MÉTODO: Realizou-se busca eletrônica na base de dados LILACS e Medline desde o ano de 1981 a agosto de 2007; foram encontrados 57 artigos, sendo utilizados para o estudo 31 e três capítulos de livros. RESULTADOS: A produção científica submetida à análise de conteúdo evidenciou os seguintes núcleos temáticos: variações anatômicas (3 artigos), iatrogenias (5 artigos), síndrome pós-colecistectomia (1 artigo), complicações raras (3 artigos), síndrome de Mirizzi (1 artigo), complicações pulmonares (2 artigos) e tratamento (1 capítulo de livro e três artigos). CONCLUSÕES: As complicações que podem ocorrer na cirurgia videolaparoscópica da vesícula biliar e das vias biliares têm basicamente duas vertentes: uma é a inexperiência dos cirurgiões com o método laparoscópico (curva de aprendizado) e outra, as variações anatômicas com as quais os cirurgiões, mesmo os mais experientes, podem se deparar.",[]
Manipulação de drenos mediastinais e pleurais: existe evidência científica?,https://doi.org/10.14295/jmphc.v6i1.236,Artigo,,Brasil,True,2016;,,6,1,Português,10.14295/jmphc.v6i1.236,2179-6750,"['Líscia Divana Carvalho Silva', 'Larissa Lira Brito']",Palliative Care and End-of-Life Issues,"Trata-se de uma revisão do tipo sistemática com o objetivo de verificar a existência de evidência científica na manipulação de drenos pleurais e mediastinais na cirurgia cardíaca. As seguintes etapas foram percorridas: estabelecimento da hipótese e objetivos; estabelecimento de critérios de inclusão e exclusão de artigo; definição das informações a serem extraídas dos artigos selecionados; análise dos resultados; discussão e apresentação dos resultados. Para a seleção dos artigos foram utilizadas duas bases de dados, a saber: Literatura Latino-Americana e do Caribe em Ciências da Saúde (LILACS/BIREME) e Medical Literature Analysis and Retrieval System Online (MEDLINE). Os critérios de inclusão dos artigos definidos, inicialmente, foram: artigos publicados em português, inglês e espanhol, no período compreendido entre 2001–2012; capítulos de livros sobre a temática, artigos publicados cuja metodologia adotada permitisse obter evidências(níveis 1, 2 ou 3), artigos que retratassem procedimentos, intervenções ou diretrizes sobre a temática. A amostra final desta revisão integrativa foi constituída de 06 artigos. Não se observou diferença significativa na produção de drenagem mediastinal quando os drenos foram rotineiramente ordenhados, despojados, ou não tinham nenhuma manipulação, os drenos mantiveram-se permeáveis. Parece que a ordenha manual ou milking ou a ordenha com pinça ou stripping de drenos torácicos como rotina básica deve ser evitada. Não há estudos suficientes que comparem diferentes métodos de manipulação de drenos torácicos para apoiar ou não a eficácia relativa dos vários métodos. Nenhuma evidência de fato que seja clara e universal foi encontrada sobre a necessidade de manipulação de drenos.",[]
COMO A AUDITORIA DE ENFERMAGEM PODE INFLUENCIAR NA QUALIDADE ASSISTENCIAL.,https://doi.org/10.47385/praxis.v10.n19.698,Artigo,,Brasil,True,2018;,,10,19,Português,10.47385/praxis.v10.n19.698,2176-9230,"['Lucrécia Helena Loureiro', 'Leandro Martins da Costa', 'Vera Lúcia Maia Marques', 'Clarice Mayremi Toshimitu Hoyashi']",Research Methods and Organizational Management,"O objeto do estudo refere-se a um levantamento bibliográfico de artigos que contextualizam a auditoria de enfermagem e a qualidade assistencial. Têm como objetivos explicar através de um levantamento bibliográfico, de que maneira a auditoria em saúde pode influenciar para a melhoria da qualidade assistencial nas instituições de saúde e identificar quais são os itens indicadores de qualidade na auditoria.Trata-se de uma pesquisa bibliográfica sistemática de caráter descritivo e qualitativo. A seleção dos artigos foi definida em um recorte temporal, entre 2004 à 2013, sendo assim, o número total de trabalhos levantados nesse estudo foram de 19 artigos científicos, utilizados para a discussão 09 artigos de acordo com os conteúdos específicos para o estudo.Quando realizado a busca pelos artigos científicos publicados nos últimos 5 anos, notou-se que eram escassos, e portanto, foi necessário ampliar a busca de artigos para os últimos 10 anos de publicação a partir de investigações nas fontes eletrônicas do sistema Scientific Eletronic Library On-line (SCIELO), Biblioteca Virtual de Saúde (BVS), Lilacs, Google acadêmico e revistas de enfermagem indexadas. Foram encontrados 19 artigos de interesse para o estudo e os resultados da pesquisa mostraram que a maioria dos artigos que trataram sobre atuação da auditoria na saúde, abordou que a qualidade é de fato alcançável pelas instituições quando é presente o serviço de auditoria. A busca da qualidade é determinada pela necessidade de sobrevivência das empresas e instituições de saúde, tendo-se como resultado esperado a satisfação do cliente.",[]
Múltipla autoria: crescimento ou bolha inflacionária?,https://doi.org/10.1590/s0034-89102012000500017,Artigo,pares,Brasil,True,2012;,UNIVERSIDADE DE SÃO PAULO,46,5,Português,10.1590/s0034-89102012000500017,1518-8787,"['Kenneth Rochel de Camargo', 'Cláudia Medina Coeli']",Impact of Science Funding Crisis in Brazil,"OBJETIVO: Analisar o aumento do número de autores por artigo em revistas científicas brasileiras de saúde coletiva. MÉTODOS: Foram pesquisados na base de dados LILACS artigos publicados em seis revistas de saúde coletiva e uma revista médica (para comparação), da coleção SciELO, com classificação Qualis, da Capes, igual ou superior a B-1, entre 1999 e 2010. Foram avaliadas a evolução da mediana de números de autores/artigo e a proporção de artigos com mais de quatro autores. Estimou-se a associação entre o triênio de publicação e a presença de quatro ou mais autores por artigo por meio de odds ratio de Mantel-Haenzel, ajustadas para o tipo de revista. RESULTADOS: Houve crescimento da mediana do número de autores e da proporção de artigos com mais de quatro autores para todas as revistas, principalmente no último triênio. As odds ratio para publicação de artigos com quatro autores ou mais, ajustadas para os tipo de revista, foram: segundo triênio: 1,3 (IC95% 1,1;1,4); terceiro triênio: 1,5 (IC95% 1,3;1,8); quarto triênio: 2,39 (IC95% 2,1;2,8). CONCLUSÕES: Periódicos científicos de saúde coletiva têm apresentado aumento no número de autores por artigo ao longo dos anos, independentemente da orientação editorial.",[]
Análise dos Artigos na Área da Deficiência Visual Publicados na Revista Brasileira de Educação Especial (1992-2017)1,https://doi.org/10.1590/s1413-65382418000400011,Artigo,,Brasil,True,2018;,Associação Brasileira de Pesquisadores em Educação Especial,24,spe,Português,10.1590/s1413-65382418000400011,1980-5470,"['Celi Corrêa Neres', 'Nesdete Mesquita Corrêa']",Research Methods and Organizational Management,"RESUMO: Este estudo objetivou analisar os artigos na área da deficiência visual publicados na Revista Brasileira de Educação Especial - RBEE, desde a sua criação, em 1992, até 2017, visando evidenciar o registro dessa área nas publicações veiculadas nesse periódico. Na coleta do material, foram identificadas 46 publicações, sendo três resenhas, um comentário e 42 artigos nos gêneros textuais ensaio, revisão de literatura e relato de pesquisa. Foram excluídos da análise o comentário e as resenhas. Para a leitura e a análise dos 42 artigos, foram adotados os seguintes eixos: distribuição anual dos artigos, autoria, temas apresentados, regiões e instituições de origem, gêneros textuais e interfaces com outras áreas do conhecimento. Os resultados mostraram que a área da deficiência visual está presente na produção acadêmica, com maior evidência nas duas últimas décadas. Os temas dos artigos constituíram-se por diferentes áreas do conhecimento, com destaque para a interface com a área das Ciências da Saúde. Os indicadores de regiões e de instituições de origem dos artigos revelaram que, embora a RBEE divulgue estudos de origem internacional, em âmbito nacional, os artigos não abrangeram a totalidade de instituições brasileiras localizadas nas diversas regiões do país.",[]
Saúde mental dos estudantes de medicina brasileiros: uma revisão sistemática da literatura,https://doi.org/10.1590/s1414-40772019000300012,Artigo,pares,Brasil,True,2019;,UNIVERSIDADE DE SOROCABA,24,3,Português,10.1590/s1414-40772019000300012,1982-5765,"['Ludmila de Souza Conceição', 'Cássia Beatriz Batista', 'Juliana Gomes Bergo Dâmaso', 'Bruna Schipmann Pereira', 'Rafael Cevolani Carniele', 'Gabriel dos Santos Pereira']",Evolution and Challenges of Healthcare in Brazil,"A alta incidência de transtornos físicos e mentais presente no contexto universitário, principalmente apresentado pelos acadêmicos de medicina é significativa tanto pelo aspecto da saúde pública quanto educativo. Com a expansão de vagas de medicina no país, torna-se necessário produzir mais conhecimentos sobre os modelos de compreensão destes adoecimentos psíquicos, seus condicionantes e desencadeadores, bem como seus fatores atenuantes e ações de suporte a estas situações. Assim, este estudo procurou mapear a produção científica sobre o tema no Brasil. Para tal, recorreu-se a revisão sistemática da literatura por meio de três bases eletrônicas de dados - PUBMed, Scielo e MedLine, utilizando alguns descritores acerca da saúde mental de estudantes de medicina numa busca de publicações brasileiras nos últimos 25 anos. Após aplicação de teste de relevância, apurou-se uma amostra final de 47 artigos na íntegra e com acesso livre. Os artigos foram analisados em sua totalidade e em sua maioria retratam estudos transversais e quantitativos realizados nas regiões sudeste e nordeste, principalmente realizados em universidades públicas e com grande parte dos artigos publicados entre 2011 e 2015. A caracterização do adoecimento é o foco da maior parte dos artigos estudados que descrevem quadros e índices de risco de Transtorno Mental Comum (TMC), depressão, ansiedade, estresse e qualidade de vida dos estudantes de medicina, dentre outros. E para esta caracterização, os principais instrumentos encontrados nos estudos quantitativos foram SRQ 20, Whoqol-bref e BDI. A manifestação do adoecimento e as ações de apoio são os principais temáticas dos artigos. Os condicionantes e desencadeadores aparecem nos artigos como um contexto do aparecimento do adoecimento, mas poucos artigos têm como foco estes elementos e suas relações que contribuíriam na configuração de modelos de compreensão do fenômeno. A Revisão retrata que, para compreender melhor o fenômeno de adoecimento dos estudantes de medicina e apontar estratégias de enfrentamento às situações de sofrimento, seria preciso expandir os estudos longitudinais e qualitativos sobre o assunto e amadurecer modelos analíticos para avançarmos na compreensão e intervenção.",[]
Tecnologias da Informação e da Comunicação (TIC) aplicadas à dislexia: revisão de literatura,https://doi.org/10.1590/1982-021620171917916,Artigo,pares,Brasil,True,2017;,CEFAC Saúde e Educação,19,1,Português,10.1590/1982-021620171917916,1982-0216,"['Luciana Cidrim', 'Francisco Madeiro']",Research Methods and Organizational Management,"RESUMO O objetivo deste estudo é apresentar uma revisão integrativa da literatura, contemplando artigos científicos publicados em periódicos nacionais e internacionais que abordam o uso das tecnologias da informação e da comunicação (TIC), tais como computador, tablets, iPads, mobile phones, e-readers, realidade virtual e ambiente virtual de aprendizagem, aplicadas à dislexia. A base de dados escolhida para este estudo foi constituída de artigos científicos publicados no período de 2010 a 2015, a partir das seguintes bases eletrônicas de dados: Science Direct/Elsevier, SciELO - Scientific Electronic Library Online, MedLine - Medical Literature Analysis and Retrieval e o Portal de Periódicos da CAPES. Foram selecionados para este estudo 21 artigos científicos, sendo 20 (95,23%) artigos internacionais e um (4,77%) artigo nacional. Os trabalhos contemplados, no presente estudo, em geral, visam a construção e aplicação de instrumentos tecnológicos que possam vir a minimizar as dificuldades do disléxico no âmbito da aprendizagem da leitura e da escrita. Em meio à escassez de artigos publicados no Brasil, verifica-se a necessidade de mais estudos sobre essa temática, tendo em vista os benefícios das TIC no âmbito da avaliação e intervenção em dislexia constatados em artigos internacionais.",[]
Apoio Matricial como articulador das relações interprofissionais entre serviços especializados e atenção primária à saúde,https://doi.org/10.1590/s0103-73312016000200007,Artigo,pares,Brasil,True,2016;,UNIVERSIDADE DO ESTADO DO RIO DE JANEIRO,26,2,Português,10.1590/s0103-73312016000200007,1809-4481,"['Cristiane Pereira de Castro', 'Gastão Wagner de Sousa Campos']",Global Maternal and Child Health Outcomes,"Resumo Este artigo buscou realizar uma revisão integrativa da produção nacional sobre a metodologia de Apoio Matricial, abrangendo tanto estudos empíricos sobre sua efetividade quanto artigos de revisão teórico-metodológica. Foram utilizados artigos indexados nas bases PubMed, NLM e BVS, no período de 1999 a 2013, em português, inglês e espanhol. Foram incluídos 28 artigos, cuja análise permitiu a identificação de três categorias: 1) Artigos de fundação e consolidação do conceito de Apoio Matricial; 2) Artigos de revisão sobre o Apoio Matricial; 3) Artigos decorrentes de pesquisas empíricas envolvendo o conceito de Apoio Matricial. As publicações evidenciaram que o Apoio Matricial traz uma proposta inovadora e importante para transformação do modelo assistencial. Entretanto, para atingir seus objetivos é necessária a superação de alguns impasses, vários ligados diretamente à implementação de suas diretrizes e outros à superação de problemas estruturais do SUS.",[]
Quantitative evaluation of taste in childhood populations: a systematic review,https://doi.org/10.1016/j.bjorl.2014.04.002,Revisão,pares,Brasil,True,2015;,Elsevier BV,81,1,Português,10.1016/j.bjorl.2014.04.002,1808-8694,"['Raissa Gomes Fonseca Moura', 'Daniele Andrade da Cunha', 'Ada Salvetti Cavalcanti Caldas', 'Hilton Justino da Silva']",Factors Influencing Pro-environmental Behavior,"Taste is of great importance for the feeding process. Seen in this light, it is essential to investigate this sense in children as developing human beings. However, despite little variation in the use of tests that measure the gustatory capacity, there are still questions about the applicability and effective use of tools for quantitative assessment in children. To search the literature on quantitative instruments used for the evaluation of taste used in studies with children. A search was conducted in the PUBMED and Web of Science platforms, and subsequently, the identified articles were selected and reviewed. The descriptors and terms used were “taste,” “child,” “assessment,” “diagnosis,” and “dysgeusia”. Original articles related to the theme in English, restricted to children and with no year limitation, were selected. Studies conducted in other stages of human development, exclusively or concurrently with the pediatric population; animal studies; literature review articles; dissertations and book chapters; and case studies and editorials were excluded. The data analysis was performed through a cataloging protocol created for this study, including the following points: author, research department, year, location, population/sample, age, purpose of the study, methods, and primary results. 5613 items were found. 5307 were excluded based on title, 248 by abstract analysis, and 43 by full text evaluation. Fifteen articles were selected for analysis; of these, six were repeated articles, and thus nine articles were selected for review. The tests aiming at evaluation of taste were judiciously used, ensuring reliability for future research, which may employ methods similar to previous studies. O paladar é de grande importância para o processo de alimentação. Visto dessa forma, torna-se fundamental a averiguação deste sentido junto às crianças, que são seres em desenvolvimento. Porém, apesar da pouca variação na utilização de testes que mensuram a capacidade gustatória, ainda existe questionamento acerca da aplicabilidade e do uso eficaz dos instrumentos de avaliação quantitativa, especificamente na população infantil. Levantar na literatura os instrumentos quantitativos para a avaliação do paladar utilizados em estudos com crianças. Busca dos artigos realizada nas plataformas PUBMED e Web of Science, seguindo etapas de seleção e análise crítica dos periódicos encontrados. Os descritores e termos utilizados foram taste, child, assessment, diagnosis e dysgeusia. Foram selecionados artigos originais relacionados ao tema no idioma inglês, realizados somente com a população infantil e sem restrição de ano. Foram excluídos estudos realizados em outras fases do desenvolvimento humano, exclusivamente ou concomitantemente com a população infantil; estudos com animais; artigos de revisão de literatura, dissertações e capítulos de livros, artigos de estudo de caso e editoriais. A análise dos dados foi realizada por meio de um fichamento protocolar criado para este estudo, contemplando os seguintes pontos: autor, departamento de pesquisa, ano, local, população/amostra, idade, objetivo do estudo, métodos utilizados e resultados principais. Foram encontrados 5613 artigos. Foram excluídos 5307 artigos pelo título, 248 pelo resumo e 43 pelo texto lido na íntegra. 15 manuscritos foram analisados, dos quais seis eram artigos repetidos. Assim, 9 artigos foram selecionados para esta revisão. Foi observada a utilização criteriosa dos testes de avaliação do paladar, garantindo confiabilidade às pesquisas futuras que venham a utilizar métodos semelhantes aos estudos já realizados.",[]
QUADAS e STARD: avaliação da qualidade de estudos de acurácia de testes diagnósticos,https://doi.org/10.1590/s0034-89102011000200021,Artigo,pares,Brasil,True,2011;,UNIVERSIDADE DE SÃO PAULO,45,2,Português,10.1590/s0034-89102011000200021,1518-8787,"['Maria Regina Fernandes de Oliveira', 'Almério de Castro Gomes', 'Cristiana M. Toscano']",Regulation of Iron Metabolism and Anemia,"OBJETIVO: Comparar duas abordagens baseadas em critérios do Quality Assessment of Diagnostic Accuracy Studies (QUADAS) e do Standards for Reporting Studies of Diagnostic Accuracy (STARD) na avaliação de qualidade de estudos de validação do teste rápido OptiMal®, para diagnóstico de malária. MÉTODOS: Foi realizada busca de artigos de validação do teste rápido na base bibliográfica Medline acessada pelo PubMed, no ano de 2007. Treze artigos foram recuperados na busca. Foram combinados 12 critérios do QUADAS e três do STARD para comparação com os critérios do QUADAS isoladamente. Foi considerado que artigos de regular a boa qualidade atenderiam pelo menos 50% dos critérios do QUADAS. RESULTADOS: Dos 13 artigos recuperados, 12 cumpriram pelo menos 50% dos critérios do QUADAS, e apenas dois atenderam à combinação dos critérios. Considerando-se a combinação dos dois critérios (> 6 QUADAS e > 3STARD), dois estudos (15,4%) apresentaram boa qualidade metodológica. A seleção de artigos usando a combinação proposta variou de dois a oito artigos, dependendo do número de itens considerados como ponto de corte. CONCLUSÕES: A combinação do QUADAS com o STARD tem o potencial de conferir maior rigor nas avaliações da qualidade de artigos publicados sobre validação de testes diagnósticos em malária, por incorporar a checagem de informações relevantes não alcançáveis pelo uso do QUADAS isoladamente.",[]
Influência da televisão no consumo alimentar e na obesidade em crianças e adolescentes: uma revisão sistemática,https://doi.org/10.1590/s1415-52732010000400011,Artigo,pares,Brasil,True,2010;,PONTIFÍCIA UNIVERSIDADE CATÓLICA DE CAMPINAS,23,4,Português,10.1590/s1415-52732010000400011,1678-9865,"['Camila Elizandra Rossi', 'Denise Ovenhausen Albernaz', 'Francisco de Assis Guedes de Vasconcelos', 'Maria Alice Altenburg de Assis', 'Patrícia Faria Di Pietro']",Eating Disorders and Body Image Concerns,"O objetivo deste trabalho foi identificar a influência da televisão no consumo alimentar e na obesidade em crianças e adolescentes. Realizou-se revisão sistemática nas bases MedLine, PubMed, SciELO-Brasil e Lilacs, capturando-se 73 artigos publicados entre 1997 e 2007. Definiu-se não analisar artigos com adultos ou pré-escolares, notas, comunicações, revisões, amostras de população específica (indígenas, por exemplo) e enferma (exceto obesidade), e estudos de intervenção, selecionando-se vinte artigos para análise. Em seis, dentre oito estudos brasileiros, observou-se associação significativa entre televisão e obesidade, e, em um destes, também se verificou associação positiva entre televisão e consumo alimentar. Nas investigações internacionais, observaram-se seis, dentre dez artigos, evidenciando associação entre televisão e obesidade, além de se identificar associação inversa entre televisão e tempo de atividade física. Em cinco artigos, do total de seis internacionais que investigaram o consumo alimentar, observou-se associação significativa entre televisão e ingestão alimentar, verificando-se que crianças e adolescentes que despendem maior tempo com a televisão tendem a ingerir menos frutas e verduras, e mais porções de salgadinhos, doces e bebidas com elevado teor de açúcar. A associação entre televisão e consumo alimentar foi evidente (85% dos artigos), e a associação com obesidade apareceu em 60% dos artigos. Ao identificar-se que o tempo em frente à TV associa-se à inadequação dos hábitos alimentares e à redução da atividade física, revela-se o hábito de assistir à televisão como um importante fator que pode propiciar a obesidade entre crianças e adolescentes.",[]
